{
  "low_thr": 0.29803876270796553,
  "high_thr": 0.5524988320472076,
  "low_quantile": 0.33,
  "high_quantile": 0.66
}